"DESCRIPTION","DURATION IN MS","NAME","PARENT SUITE","START TIME","STATUS","STOP TIME","SUB SUITE","SUITE","TEST CLASS","TEST METHOD"
"Проверяет удаление файла и его отсутствие при повторном запросе.

        Args:
            files_client: Фикстура авторизованного API-клиента файлов.
            function_file: Фикстура с данными ранее загруженного файла.

        Raises:
            AssertionError: Если HTTP-статусы или сообщение об отсутствии
                удаленного файла не соответствуют ожидаемым значениям.
        ","254","Delete file","LMS service","2026-10-08","passed","2026-10-08","Delete entity","Files","",""
"Проверяет создание задания для курса из фикстуры.

        Args:
            exercises_client: Фикстура авторизованного API-клиента заданий.
            function_course: Фикстура с данными созданного курса.

        Raises:
            AssertionError: Если HTTP-статус или поля созданного задания
                не соответствуют ожидаемым значениям.
        ","19","Create exercise","LMS service","2026-10-08","passed","2026-10-08","Create entity","Exercises","",""
"Проверяет обновление всех редактируемых полей задания.

        Задает отличающиеся от исходных значения и проверяет сохранение
        идентификатора задания и его связи с курсом.

        Args:
            exercises_client: Фикстура авторизованного API-клиента заданий.
            function_exercise: Фикстура с данными созданного задания.

        Raises:
            AssertionError: Если HTTP-статус, обновленные поля или
                неизменяемые данные задания не соответствуют ожиданиям.
        ","18","Update exercise","LMS service","2026-10-08","passed","2026-10-08","Update entity","Exercises","",""
"Проверяет получение данных текущего пользователя.

        Запрашивает данные авторизованного пользователя и проверяет
        HTTP-статус, совпадение данных с ответом на создание и JSON Schema.

        Args:
            private_users_client: Фикстура авторизованного API-клиента пользователей.
            function_user: Фикстура с данными созданного пользователя.

        Raises:
            AssertionError: Если HTTP-статус или данные пользователя
                не соответствуют ожиданиям.
        ","11","Get user me","LMS service","2026-10-08","passed","2026-10-08","Get entity","Users","",""
"Проверяет ошибку валидации при запросе файла с некорректным UUID.

        Args:
            files_client: Фикстура авторизованного API-клиента файлов.

        Raises:
            AssertionError: Если HTTP-статус или ошибка валидации
                идентификатора не соответствуют ожидаемым значениям.
        ","237","Get file with incorrect file id","LMS service","2026-10-08","passed","2026-10-08","Validate entity","Files","",""
"Проверяет создание пользователя с email на заданном домене.

        Создает пользователя со сгенерированными данными и проверяет
        HTTP-статус, данные пользователя и JSON Schema ответа.

        Args:
            email: Домен для генерации случайного email-адреса.
            public_users_client: Фикстура публичного API-клиента пользователей.

        Raises:
            AssertionError: Если HTTP-статус или данные пользователя
                не соответствуют ожиданиям.
        ","565","Create user with email domain gmail.com","LMS service","2026-10-08","passed","2026-10-08","Create entity","Users","",""
"Проверяет создание курса с файлом и пользователем из фикстур.

        Args:
            courses_client: Фикстура авторизованного API-клиента курсов.
            function_file: Фикстура с данными загруженного файла превью.
            function_user: Фикстура с данными автора курса.

        Raises:
            AssertionError: Если HTTP-статус или данные созданного курса
                не соответствуют ожидаемым значениям.
        ","24","Create course","LMS service","2026-10-08","passed","2026-10-08","Create entity","Courses","",""
"Проверяет отказ в загрузке файла с пустой директорией.

        Args:
            files_client: Фикстура авторизованного API-клиента файлов.

        Raises:
            AssertionError: Если HTTP-статус или ошибка валидации
                не соответствуют ожидаемым значениям.
        ","231","Create file with empty directory","LMS service","2026-10-08","passed","2026-10-08","Validate entity","Files","",""
"Проверяет успешную аутентификацию пользователя.

        Выполняет вход с учетными данными из фикстуры и проверяет
        HTTP-статус, токены и JSON Schema ответа.

        Args:
            function_user: Фикстура с данными созданного пользователя.
            authentication_client: Фикстура API-клиента аутентификации.

        Raises:
            AssertionError: Если HTTP-статус или токены не соответствуют ожиданиям.
        ","489","Login with correct email and password","LMS service","2026-10-08","passed","2026-10-08","Login","Authentication","",""
"Проверяет удаление задания и его отсутствие при повторном запросе.

        Args:
            exercises_client: Фикстура авторизованного API-клиента заданий.
            function_exercise: Фикстура с данными созданного задания.

        Raises:
            AssertionError: Если HTTP-статусы или сообщение об отсутствии
                удаленного задания не соответствуют ожиданиям.
        ","253","Delete exercise","LMS service","2026-10-08","passed","2026-10-08","Delete entity","Exercises","",""
"Проверяет обновление всех редактируемых полей курса.

        Дополнительно проверяет сохранение идентификатора курса,
        файла превью и данных автора после обновления.

        Args:
            courses_client: Фикстура авторизованного API-клиента курсов.
            function_course: Фикстура с данными созданного курса.

        Raises:
            AssertionError: Если HTTP-статус, обновленные поля или
                неизменяемые данные курса не соответствуют ожиданиям.
        ","28","Update course","LMS service","2026-10-08","passed","2026-10-08","Update entity","Courses","",""
"Проверяет список заданий, относящихся к указанному курсу.

        Args:
            exercises_client: Фикстура авторизованного API-клиента заданий.
            function_course: Фикстура с данными созданного курса.
            function_exercise: Фикстура с данными созданного задания.

        Raises:
            AssertionError: Если HTTP-статус, количество или данные
                полученных заданий не соответствуют ожиданиям.
        ","17","Get exercises","LMS service","2026-10-08","passed","2026-10-08","Get entities","Exercises","",""
"Проверяет успешную загрузку файла.

        Загружает тестовый файл и проверяет HTTP-статус,
        соответствие данных ответа исходному запросу
        и структуру ответа по JSON Schema.

        Args:
            files_client: Фикстура авторизованного API-клиента файлов.

        Raises:
            AssertionError: Если HTTP-статус или данные загруженного
                файла не соответствуют ожидаемым значениям.
        ","21","Create file","LMS service","2026-10-08","passed","2026-10-08","Create entity","Files","",""
"Проверяет успешное получение ранее загруженного файла.

        Получает файл по идентификатору, созданному фикстурой,
        и проверяет HTTP-статус, соответствие данных полученного файла
        данным при его создании и структуру ответа по JSON Schema.

        Args:
            files_client: Фикстура авторизованного API-клиента файлов.
            function_file: Фикстура с данными ранее загруженного файла.

        Raises:
            AssertionError: Если HTTP-статус или данные полученного
                файла не соответствуют ожидаемым значениям.
        ","14","Get file","LMS service","2026-10-08","passed","2026-10-08","Get entity","Files","",""
"Проверяет создание пользователя с email на заданном домене.

        Создает пользователя со сгенерированными данными и проверяет
        HTTP-статус, данные пользователя и JSON Schema ответа.

        Args:
            email: Домен для генерации случайного email-адреса.
            public_users_client: Фикстура публичного API-клиента пользователей.

        Raises:
            AssertionError: Если HTTP-статус или данные пользователя
                не соответствуют ожиданиям.
        ","262","Create user with email domain example.com","LMS service","2026-10-08","passed","2026-10-08","Create entity","Users","",""
"Проверяет получение ранее созданного задания по идентификатору.

        Args:
            exercises_client: Фикстура авторизованного API-клиента заданий.
            function_exercise: Фикстура с данными созданного задания.

        Raises:
            AssertionError: Если HTTP-статус или данные полученного задания
                не соответствуют данным при его создании.
        ","253","Get exercise","LMS service","2026-10-08","passed","2026-10-08","Get entity","Exercises","",""
"Проверяет отказ в загрузке файла с пустым именем.

        Args:
            files_client: Фикстура авторизованного API-клиента файлов.

        Raises:
            AssertionError: Если HTTP-статус или ошибка валидации
                не соответствуют ожидаемым значениям.
        ","17","Create file with empty filename","LMS service","2026-10-08","passed","2026-10-08","Validate entity","Files","",""
"Проверяет создание пользователя с email на заданном домене.

        Создает пользователя со сгенерированными данными и проверяет
        HTTP-статус, данные пользователя и JSON Schema ответа.

        Args:
            email: Домен для генерации случайного email-адреса.
            public_users_client: Фикстура публичного API-клиента пользователей.

        Raises:
            AssertionError: Если HTTP-статус или данные пользователя
                не соответствуют ожиданиям.
        ","481","Create user with email domain mail.ru","LMS service","2026-10-08","passed","2026-10-08","Create entity","Users","",""
"Проверяет список курсов, созданных указанным пользователем.

        Сравнивает количество курсов и все их поля, включая
        вложенные данные файла превью и автора.

        Args:
            courses_client: Фикстура авторизованного API-клиента курсов.
            function_user: Фикстура с данными автора курса.
            function_course: Фикстура с данными созданного курса.

        Raises:
            AssertionError: Если HTTP-статус, количество или данные
                полученных курсов не соответствуют ожиданиям.
        ","21","Get courses","LMS service","2026-10-08","passed","2026-10-08","Get entities","Courses","",""
